id_paciente,idade,sexo,pressao_sistolica,pressao_diastolica,colesterol_total,frequencia_cardiaca,glicemia_jejum,imc,historico_familiar_cardiaco,tabagismo,diabetes,sedentarismo,dor_no_peito,falta_de_ar,palpitacoes,fadiga,risco_cardiaco
P0001,67,M,102,83,163,79,105,38.4,Sim,Não,Não,Sim,Não,Não,Sim,Não,Moderado
P0002,57,F,131,90,128,70,76,24.6,Sim,Não,Não,Não,Sim,Não,Não,Não,Moderado
P0003,43,F,111,101,199,83,110,24.8,Sim,Sim,Não,Sim,Sim,Não,Não,Não,Moderado
P0004,71,F,139,67,239,102,65,31.7,Não,Não,Não,Não,Não,Não,Sim,Sim,Baixo
P0005,36,M,113,108,270,77,126,30.1,Não,Sim,Não,Não,Não,Sim,Não,Não,Moderado
P0006,49,M,158,59,213,78,112,35.3,Não,Sim,Não,Não,Não,Não,Não,Sim,Moderado
P0007,67,M,116,80,275,69,106,29.6,Não,Não,Sim,Sim,Não,Não,Não,Não,Moderado
P0008,47,F,124,89,155,65,125,25.4,Não,Não,Não,Sim,Não,Não,Não,Não,Baixo
P0009,51,M,145,85,142,85,142,29.7,Sim,Não,Sim,Não,Não,Não,Sim,Sim,Moderado
P0010,39,M,108,75,208,65,125,32.0,Não,Não,Não,Sim,Sim,Não,Não,Sim,Baixo
P0011,39,F,134,80,225,76,65,30.7,Não,Não,Não,Sim,Não,Não,Não,Não,Baixo
P0012,52,M,154,76,209,69,68,29.3,Sim,Não,Não,Sim,Não,Não,Sim,Não,Moderado
P0013,64,F,101,75,127,81,84,31.8,Não,Não,Sim,Não,Sim,Não,Sim,Não,Moderado
P0014,68,F,133,92,206,79,101,32.3,Não,Não,Não,Não,Sim,Não,Não,Sim,Moderado
P0015,52,F,135,86,158,87,113,33.2,Não,Sim,Não,Sim,Não,Sim,Não,Não,Baixo
P0016,31,M,144,74,237,69,82,29.9,Não,Não,Não,Sim,Não,Não,Não,Sim,Baixo
P0017,50,M,108,93,225,72,105,26.2,Não,Não,Sim,Sim,Não,Não,Não,Não,Baixo
P0018,30,M,106,86,172,63,81,27.7,Não,Não,Não,Não,Não,Não,Não,Não,Baixo
P0019,52,M,139,92,189,70,85,32.4,Não,Não,Não,Não,Não,Não,Não,Não,Baixo
P0020,72,M,135,90,168,80,65,23.3,Não,Não,Não,Sim,Não,Não,Não,Sim,Baixo
P0021,58,M,135,72,207,84,77,28.7,Sim,Não,Não,Sim,Não,Não,Não,Não,Moderado
P0022,66,M,136,75,248,64,66,25.2,Não,Não,Não,Sim,Não,Não,Não,Não,Moderado
P0023,30,F,118,91,171,85,76,27.1,Não,Não,Não,Não,Sim,Sim,Não,Não,Baixo
P0024,49,M,134,89,230,91,126,32.8,Sim,Não,Não,Não,Não,Sim,Não,Sim,Baixo
P0025,61,F,135,82,189,80,76,27.9,Não,Não,Não,Sim,Não,Sim,Não,Não,Baixo
P0026,40,M,117,83,178,98,166,27.2,Não,Sim,Não,Sim,Não,Não,Não,Sim,Baixo
P0027,50,M,164,97,206,66,112,20.9,Não,Sim,Não,Sim,Não,Não,Não,Não,Moderado
P0028,72,M,139,75,169,60,105,30.4,Sim,Sim,Não,Não,Não,Sim,Não,Não,Moderado
P0029,53,F,109,89,188,54,79,29.9,Não,Não,Sim,Sim,Sim,Não,Não,Não,Moderado
P0030,77,F,142,80,162,93,118,36.7,Não,Não,Não,Não,Não,Não,Não,Sim,Moderado
P0031,55,F,112,79,289,83,86,25.6,Sim,Sim,Sim,Não,Não,Sim,Não,Sim,Alto
P0032,70,F,144,95,211,74,103,28.0,Sim,Não,Não,Sim,Sim,Não,Não,Não,Alto
P0033,56,M,151,92,182,78,164,28.1,Não,Sim,Não,Sim,Sim,Não,Sim,Sim,Alto
P0034,44,F,115,92,219,61,98,34.1,Sim,Não,Não,Sim,Não,Não,Não,Sim,Baixo
P0035,43,M,147,98,206,104,129,26.6,Não,Não,Não,Não,Sim,Não,Não,Não,Moderado
P0036,75,M,137,82,201,77,82,28.3,Não,Sim,Não,Não,Não,Não,Não,Não,Moderado
P0037,79,F,145,90,235,76,99,29.7,Sim,Não,Não,Não,Sim,Não,Não,Sim,Alto
P0038,72,F,164,78,240,84,144,27.8,Não,Sim,Não,Não,Não,Não,Não,Não,Moderado
P0039,31,F,126,86,189,81,84,25.0,Não,Não,Sim,Sim,Sim,Não,Não,Sim,Moderado
P0040,65,F,116,80,187,78,145,27.9,Não,Não,Não,Não,Não,Sim,Não,Não,Baixo
P0041,79,F,114,83,199,66,118,31.8,Não,Não,Sim,Não,Não,Não,Não,Sim,Moderado
P0042,35,F,115,89,120,81,86,22.4,Não,Não,Não,Sim,Não,Não,Sim,Não,Baixo
P0043,49,F,129,72,149,98,116,27.6,Sim,Não,Não,Não,Sim,Sim,Não,Não,Moderado
P0044,37,F,136,107,265,91,124,23.8,Não,Não,Não,Não,Não,Sim,Não,Não,Baixo
P0045,67,M,135,70,276,94,116,32.4,Não,Não,Não,Não,Não,Não,Não,Não,Moderado
P0046,46,F,145,67,200,69,65,20.1,Sim,Sim,Não,Não,Não,Não,Sim,Sim,Moderado
P0047,32,F,130,96,233,63,82,24.5,Não,Não,Sim,Não,Sim,Não,Sim,Não,Moderado
P0048,53,M,156,91,222,73,94,28.7,Sim,Sim,Não,Não,Sim,Não,Não,Não,Alto
P0049,42,F,125,89,333,76,98,34.0,Não,Sim,Não,Sim,Não,Sim,Não,Não,Moderado
P0050,78,M,179,90,255,88,116,26.7,Sim,Não,Não,Sim,Não,Não,Não,Não,Alto
P0051,37,M,141,82,205,55,104,24.5,Não,Sim,Não,Não,Não,Sim,Não,Não,Moderado
P0052,54,F,115,71,172,93,67,35.5,Não,Não,Não,Sim,Não,Não,Sim,Sim,Baixo
P0053,30,M,111,83,146,73,110,20.5,Sim,Não,Sim,Sim,Não,Não,Não,Não,Moderado
P0054,48,M,139,74,218,70,115,17.1,Sim,Sim,Não,Sim,Sim,Não,Não,Não,Moderado
P0055,56,M,126,94,180,63,114,29.0,Sim,Não,Não,Sim,Não,Não,Não,Não,Moderado
P0056,75,M,143,80,153,55,127,24.7,Não,Sim,Sim,Não,Sim,Não,Não,Não,Alto
P0057,35,F,139,72,184,85,121,22.4,Sim,Não,Não,Não,Não,Não,Sim,Não,Baixo
P0058,72,M,129,78,167,76,111,30.2,Não,Não,Sim,Sim,Não,Não,Sim,Sim,Moderado
P0059,36,F,115,87,277,60,98,28.1,Não,Não,Sim,Sim,Não,Não,Não,Sim,Moderado
P0060,75,M,103,75,245,59,65,24.5,Sim,Não,Sim,Sim,Sim,Não,Sim,Sim,Alto
P0061,63,M,122,72,210,71,111,21.2,Não,Sim,Não,Não,Sim,Não,Sim,Sim,Moderado
P0062,42,M,145,85,269,95,105,30.9,Não,Não,Não,Não,Sim,Não,Não,Não,Moderado
P0063,45,M,134,85,213,72,107,29.9,Sim,Não,Não,Sim,Sim,Não,Não,Sim,Moderado
P0064,64,F,108,76,176,57,68,26.6,Sim,Não,Não,Não,Sim,Sim,Não,Não,Moderado
P0065,78,F,133,76,271,72,73,35.3,Sim,Não,Não,Não,Não,Não,Não,Não,Moderado
P0066,68,M,137,85,232,72,126,22.2,Não,Não,Não,Não,Sim,Não,Não,Não,Moderado
P0067,32,M,114,65,169,45,99,20.1,Não,Sim,Não,Não,Sim,Sim,Não,Não,Moderado
P0068,30,F,133,65,202,74,117,23.9,Não,Sim,Sim,Sim,Não,Sim,Não,Sim,Moderado
P0069,34,M,131,73,175,72,101,26.8,Não,Não,Não,Não,Não,Sim,Sim,Não,Baixo
P0070,70,M,109,79,155,83,101,28.1,Não,Não,Sim,Não,Não,Não,Não,Não,Moderado
P0071,32,M,136,86,247,97,123,25.9,Não,Não,Não,Não,Sim,Não,Sim,Não,Moderado
P0072,57,F,140,100,286,89,87,28.6,Não,Não,Não,Não,Não,Não,Não,Não,Moderado
P0073,46,F,149,92,154,72,102,21.4,Sim,Não,Sim,Não,Sim,Não,Não,Não,Alto
P0074,54,F,149,80,233,62,88,33.5,Sim,Sim,Sim,Não,Sim,Não,Não,Não,Alto
P0075,72,M,105,82,184,106,89,26.6,Sim,Não,Não,Sim,Não,Não,Não,Não,Moderado
P0076,62,M,113,70,191,76,92,32.0,Sim,Sim,Não,Não,Sim,Não,Não,Não,Alto
P0077,38,F,139,82,186,75,106,28.5,Não,Não,Sim,Não,Não,Não,Não,Não,Baixo
P0078,64,F,139,79,175,75,88,29.1,Não,Não,Não,Não,Não,Não,Sim,Sim,Baixo
P0079,42,F,139,86,212,77,131,29.6,Sim,Não,Sim,Sim,Não,Não,Não,Não,Moderado
P0080,59,F,199,72,177,73,78,29.0,Sim,Sim,Não,Sim,Não,Sim,Não,Sim,Alto
P0081,76,M,140,88,221,68,95,29.9,Não,Não,Não,Sim,Sim,Não,Não,Não,Moderado
P0082,43,F,150,100,208,68,89,33.0,Não,Não,Não,Não,Não,Não,Não,Não,Baixo
P0083,36,M,147,81,200,75,136,27.9,Sim,Não,Sim,Não,Não,Não,Não,Sim,Moderado
P0084,42,F,142,87,174,68,105,30.2,Não,Sim,Sim,Sim,Não,Sim,Não,Não,Moderado
P0085,51,M,124,90,187,66,126,26.6,Sim,Não,Não,Não,Não,Sim,Não,Não,Baixo
P0086,68,F,144,77,240,76,65,33.5,Sim,Não,Sim,Não,Sim,Não,Não,Não,Alto
P0087,49,F,116,85,230,72,107,24.0,Não,Sim,Não,Não,Não,Sim,Não,Não,Baixo
P0088,44,F,126,82,171,93,122,35.1,Não,Sim,Sim,Não,Sim,Não,Não,Não,Moderado
P0089,73,F,121,83,214,45,102,26.8,Sim,Sim,Não,Não,Não,Não,Não,Sim,Moderado
P0090,46,M,131,73,240,88,127,20.6,Não,Não,Não,Não,Não,Não,Sim,Não,Baixo
P0091,75,F,172,82,143,90,87,27.6,Não,Não,Não,Sim,Sim,Não,Não,Sim,Moderado
P0092,52,M,96,88,232,50,135,23.9,Não,Não,Não,Não,Não,Não,Sim,Não,Baixo
P0093,54,M,142,99,183,71,157,30.8,Não,Sim,Não,Não,Sim,Não,Não,Sim,Moderado
P0094,53,M,101,94,233,71,91,24.1,Não,Não,Não,Não,Não,Sim,Sim,Não,Baixo
P0095,73,M,122,108,179,58,89,25.0,Não,Não,Não,Não,Não,Sim,Não,Não,Baixo
P0096,69,F,150,73,138,66,136,18.5,Não,Não,Não,Não,Não,Não,Não,Sim,Moderado
P0097,57,M,131,92,145,62,139,25.0,Sim,Não,Sim,Sim,Não,Não,Sim,Não,Moderado
P0098,43,M,111,84,212,96,87,16.1,Sim,Sim,Não,Não,Não,Não,Não,Não,Moderado
P0099,73,M,117,108,220,86,89,19.9,Sim,Não,Não,Sim,Sim,Não,Não,Não,Moderado
P0100,29,F,142,72,174,90,93,30.4,Não,Não,Sim,Sim,Sim,Não,Não,Não,Moderado
P0101,53,F,117,72,236,84,66,30.5,Sim,Não,Não,Não,Sim,Não,Sim,Não,Moderado
P0102,35,F,134,75,144,61,77,28.9,Não,Não,Não,Não,Sim,Não,Não,Não,Baixo
P0103,37,F,131,57,207,69,75,22.6,Não,Não,Não,Sim,Não,Não,Não,Sim,Baixo
P0104,52,M,118,76,162,81,81,26.8,Sim,Não,Não,Sim,Não,Não,Sim,Sim,Baixo
P0105,29,M,169,73,184,60,99,27.0,Não,Sim,Não,Não,Não,Não,Sim,Não,Moderado
P0106,72,F,141,84,212,84,106,21.8,Não,Sim,Sim,Sim,Sim,Não,Não,Não,Alto
P0107,36,M,94,86,176,72,139,33.8,Não,Não,Não,Não,Não,Sim,Não,Não,Baixo
P0108,52,M,133,105,195,71,75,30.9,Sim,Não,Não,Não,Não,Não,Não,Não,Baixo
P0109,39,M,118,93,250,84,125,26.0,Não,Sim,Sim,Não,Sim,Não,Não,Não,Alto
P0110,79,F,145,75,187,80,95,27.1,Não,Sim,Não,Sim,Não,Não,Não,Não,Moderado
P0111,45,F,116,71,243,71,99,27.9,Não,Sim,Não,Sim,Não,Não,Não,Não,Moderado
P0112,36,M,128,88,165,89,117,17.8,Não,Não,Sim,Não,Sim,Não,Sim,Não,Moderado
P0113,63,F,139,66,231,62,72,25.9,Não,Sim,Não,Não,Não,Não,Não,Não,Moderado
P0114,63,F,146,104,268,82,110,23.9,Não,Não,Sim,Sim,Não,Sim,Não,Não,Alto
P0115,61,F,108,96,120,82,104,22.5,Não,Sim,Sim,Não,Sim,Não,Não,Não,Alto
P0116,33,F,124,76,178,71,112,25.7,Não,Não,Não,Sim,Não,Sim,Não,Não,Baixo
P0117,70,F,121,61,233,79,107,35.1,Sim,Sim,Não,Não,Não,Não,Não,Sim,Moderado
P0118,67,M,118,98,202,60,161,29.9,Não,Não,Não,Sim,Não,Não,Sim,Sim,Baixo
P0119,69,F,162,81,225,86,84,24.4,Não,Sim,Não,Não,Não,Não,Não,Não,Moderado
P0120,56,M,137,97,186,73,87,29.6,Não,Não,Não,Sim,Não,Não,Sim,Não,Baixo
P0121,35,M,107,63,213,69,84,33.3,Sim,Sim,Sim,Sim,Não,Não,Não,Não,Moderado
P0122,37,F,147,75,204,88,86,31.2,Não,Não,Não,Sim,Não,Não,Sim,Não,Baixo
P0123,36,M,168,82,257,67,84,27.3,Não,Não,Não,Sim,Sim,Não,Sim,Sim,Moderado
P0124,40,M,149,83,220,58,130,24.1,Não,Não,Não,Não,Não,Não,Não,Não,Baixo
P0125,62,M,103,77,224,56,136,30.1,Sim,Não,Sim,Não,Não,Sim,Não,Não,Moderado
P0126,61,F,121,89,194,82,86,28.8,Não,Não,Não,Sim,Não,Não,Não,Não,Baixo
P0127,76,F,153,69,190,60,79,31.0,Não,Não,Sim,Sim,Sim,Não,Não,Não,Alto
P0128,51,M,117,80,193,96,112,29.9,Sim,Não,Não,Não,Não,Não,Sim,Não,Baixo
P0129,52,F,138,83,226,50,86,31.7,Não,Não,Não,Não,Sim,Não,Sim,Sim,Baixo
P0130,65,F,144,88,193,95,116,24.6,Não,Não,Não,Não,Sim,Não,Não,Não,Moderado
P0131,63,F,113,91,222,78,105,32.9,Não,Não,Não,Sim,Sim,Não,Não,Não,Moderado
P0132,72,F,129,69,293,74,65,27.9,Não,Não,Não,Sim,Não,Sim,Não,Não,Moderado
P0133,68,M,90,64,245,68,139,36.3,Não,Não,Não,Não,Não,Não,Não,Não,Moderado
P0134,50,M,112,97,197,80,145,23.9,Não,Sim,Não,Sim,Não,Não,Não,Sim,Baixo
P0135,55,F,125,86,258,75,85,34.8,Não,Não,Não,Não,Sim,Sim,Não,Sim,Moderado
P0136,63,F,108,73,194,88,90,27.9,Não,Não,Não,Sim,Não,Sim,Não,Não,Baixo
P0137,29,M,159,101,128,76,107,24.1,Sim,Sim,Não,Não,Não,Sim,Não,Não,Moderado
P0138,63,M,104,83,170,77,108,24.8,Não,Não,Não,Sim,Não,Não,Não,Sim,Baixo
P0139,65,F,122,96,135,71,116,25.6,Não,Sim,Não,Não,Sim,Não,Não,Sim,Moderado
P0140,75,M,132,83,196,74,150,28.9,Não,Não,Não,Não,Não,Não,Não,Não,Baixo
P0141,42,F,156,107,211,79,96,29.4,Não,Sim,Não,Não,Não,Não,Não,Sim,Moderado
P0142,31,F,104,103,277,54,80,24.4,Não,Não,Não,Sim,Não,Não,Não,Não,Baixo
P0143,29,M,151,79,223,59,66,26.9,Não,Não,Sim,Não,Sim,Não,Não,Não,Moderado
P0144,33,M,130,94,201,84,82,36.6,Sim,Não,Não,Não,Sim,Sim,Não,Não,Moderado
P0145,54,F,112,90,243,77,99,34.8,Não,Não,Não,Não,Não,Não,Não,Sim,Baixo
P0146,42,F,138,98,122,73,145,29.0,Sim,Não,Não,Não,Não,Não,Não,Sim,Baixo
P0147,67,M,134,70,219,75,87,27.2,Sim,Não,Não,Não,Não,Não,Não,Não,Moderado
P0148,55,F,119,90,241,79,106,27.5,Não,Sim,Não,Não,Não,Não,Não,Não,Moderado
P0149,37,M,131,95,151,69,100,29.8,Não,Não,Não,Sim,Sim,Não,Não,Não,Baixo
P0150,43,F,123,61,256,66,130,22.4,Não,Sim,Não,Não,Não,Sim,Não,Sim,Moderado
