frase,situacao
"Sou homem, tenho pressão alta, fumo, tenho histórico de doença do coração na família e sinto dor no peito.",alto risco
"Sou mulher, tenho mais de 55 anos e sinto palpitações e cansaço.",baixo risco
Sou homem e sinto falta de ar.,baixo risco
"Sou mulher, fumo e sinto falta de ar.",baixo risco
"Sou homem, tenho mais de 55 anos e sinto palpitações e cansaço.",baixo risco
"Sou mulher, tenho pressão alta, tenho mais de 55 anos, tenho histórico de doença do coração na família e sinto dor no peito e cansaço.",alto risco
Sou mulher e sinto dor no peito e falta de ar.,baixo risco
"Sou mulher, tenho mais de 55 anos e sinto palpitações e cansaço.",baixo risco
Sou mulher e sinto cansaço.,baixo risco
"Sou mulher, tenho mais de 55 anos e sinto falta de ar.",baixo risco
"Sou homem, tenho mais de 55 anos, fumo, tenho histórico de doença do coração na família e sinto dor no peito.",alto risco
"Sou homem, tenho mais de 55 anos e sinto cansaço.",baixo risco
"Sou homem, tenho histórico de doença do coração na família e sinto palpitações.",baixo risco
"Sou homem, tenho pressão alta e sinto cansaço.",baixo risco
Sou homem e sinto dor no peito.,baixo risco
"Sou mulher, fumo, tenho histórico de doença do coração na família, tenho pressão alta, tenho diabetes e sinto dor no peito.",alto risco
"Sou mulher, tenho mais de 55 anos.",baixo risco
"Sou mulher, tenho pressão alta.",baixo risco
"Sou homem, tenho pressão alta.",baixo risco
"Sou mulher, fumo, tenho diabetes, tenho pressão alta, tenho mais de 55 anos e sinto dor no peito.",alto risco
"Sou homem, tenho pressão alta, fumo, tenho mais de 55 anos e sinto dor no peito e palpitações e cansaço.",alto risco
"Sou mulher, tenho histórico de doença do coração na família, tenho mais de 55 anos, tenho pressão alta, fumo e sinto falta de ar e cansaço.",alto risco
"Sou homem, tenho mais de 55 anos e sinto falta de ar.",baixo risco
Sou homem e sinto falta de ar e palpitações.,baixo risco
Sou homem e não tenho sintomas nem fatores de risco.,baixo risco
"Sou homem, fumo e sinto cansaço.",baixo risco
Sou homem e sinto palpitações.,baixo risco
"Sou mulher, tenho diabetes, tenho pressão alta, tenho mais de 55 anos, tenho colesterol alto e sinto falta de ar.",alto risco
"Sou homem, tenho histórico de doença do coração na família e sinto palpitações e cansaço.",baixo risco
"Sou mulher, tenho mais de 55 anos e sinto falta de ar.",baixo risco
"Sou mulher, tenho pressão alta e sinto palpitações.",baixo risco
Sou homem e sinto palpitações.,baixo risco
"Sou homem, tenho diabetes, fumo, tenho mais de 55 anos, tenho pressão alta e sinto dor no peito.",alto risco
"Sou mulher, fumo e sinto falta de ar.",baixo risco
"Sou homem, fumo e sinto cansaço.",baixo risco
"Sou homem, tenho colesterol alto, tenho diabetes, fumo e sinto dor no peito.",alto risco
Sou mulher e não tenho sintomas nem fatores de risco.,baixo risco
"Sou mulher, tenho histórico de doença do coração na família e sinto cansaço.",baixo risco
Sou homem e não tenho sintomas nem fatores de risco.,baixo risco
"Sou homem, tenho mais de 55 anos e sinto palpitações.",baixo risco
"Sou homem, tenho diabetes.",baixo risco
"Sou homem, tenho histórico de doença do coração na família e sinto falta de ar.",baixo risco
"Sou homem, tenho mais de 55 anos e sinto cansaço.",baixo risco
"Sou mulher, tenho histórico de doença do coração na família e sinto cansaço.",baixo risco
"Sou mulher, tenho pressão alta, tenho histórico de doença do coração na família, tenho mais de 55 anos e sinto dor no peito.",alto risco
"Sou homem, tenho mais de 55 anos, tenho histórico de doença do coração na família, tenho diabetes, tenho colesterol alto e sinto dor no peito e palpitações e cansaço.",alto risco
Sou homem e sinto falta de ar e palpitações.,baixo risco
"Sou mulher, tenho histórico de doença do coração na família e sinto palpitações.",baixo risco
"Sou homem, tenho histórico de doença do coração na família.",baixo risco
Sou mulher e sinto palpitações e cansaço.,baixo risco
"Sou mulher, tenho diabetes, tenho mais de 55 anos, tenho pressão alta e sinto dor no peito.",alto risco
"Sou mulher, tenho mais de 55 anos e sinto falta de ar.",baixo risco
"Sou homem, tenho histórico de doença do coração na família e sinto falta de ar e cansaço.",baixo risco
"Sou mulher, tenho diabetes.",baixo risco
"Sou mulher, tenho colesterol alto.",baixo risco
"Sou mulher, tenho colesterol alto e sinto cansaço.",baixo risco
"Sou mulher, tenho diabetes, tenho mais de 55 anos, tenho histórico de doença do coração na família, tenho pressão alta e sinto dor no peito.",alto risco
"Sou mulher, tenho histórico de doença do coração na família, tenho diabetes, tenho pressão alta e sinto dor no peito.",alto risco
Sou mulher e sinto dor no peito.,baixo risco
"Sou homem, tenho mais de 55 anos.",baixo risco
Sou mulher e não tenho sintomas nem fatores de risco.,baixo risco
Sou mulher e sinto falta de ar.,baixo risco
"Sou mulher, tenho colesterol alto e sinto falta de ar.",baixo risco
Sou homem e sinto dor no peito e cansaço.,baixo risco
"Sou homem, tenho pressão alta, tenho colesterol alto, tenho histórico de doença do coração na família, tenho mais de 55 anos.",alto risco
Sou mulher e sinto palpitações.,baixo risco
Sou mulher e sinto dor no peito e palpitações e cansaço.,baixo risco
"Sou mulher, tenho diabetes, fumo, tenho histórico de doença do coração na família, tenho colesterol alto e sinto falta de ar e cansaço.",alto risco
"Sou mulher, fumo, tenho mais de 55 anos, tenho diabetes e sinto dor no peito.",alto risco
